A,B,C,CH,D,Đ,G,GI,H,KH,I,M,N,NG,NH,P,PH,QU,R,S,T,TH,TR,V
AC,B,C,CH,D,Đ,G,GI,H,KH,I,M,N,NG,NH,P,PH,QU,R,S,T,TH,TR,V
ĂC,B,C,CH,D,Đ,G,GI,H,KH,I,M,N,NG,NH,P,PH,QU,R,S,T,TH,TR,V
ÂC,B,C,CH,D,Đ,G,GI,H,KH,I,M,N,NG,NH,P,PH,QU,R,S,T,TH,TR,V
ACH,B,C,CH,D,Đ,G,GI,H,KH,I,M,N,NG,NH,P,PH,QU,R,S,T,TH,TR,V
AI,B,C,CH,D,Đ,G,GI,H,KH,I,M,N,NG,NH,P,PH,QU,R,S,T,TH,TR,V
AM,B,C,CH,D,Đ,G,GI,H,KH,I,M,N,NG,NH,P,PH,QU,R,S,T,TH,TR,V
ĂM,B,C,CH,D,Đ,G,GI,H,KH,I,M,N,NG,NH,P,PH,QU,R,S,T,TH,TR,V
ÂM,B,C,CH,D,Đ,G,GI,H,KH,I,M,N,NG,NH,P,PH,QU,R,S,T,TH,TR,V
AN,B,C,CH,D,Đ,G,GI,H,KH,I,M,N,NG,NH,P,PH,QU,R,S,T,TH,TR,V
ĂN,B,C,CH,D,Đ,G,GI,H,KH,I,M,N,NG,NH,P,PH,QU,R,S,T,TH,TR,V
ÂN,B,C,CH,D,Đ,G,GI,H,KH,I,M,N,NG,NH,P,PH,QU,R,S,T,TH,TR,V
ANG,B,C,CH,D,Đ,G,GI,H,KH,I,M,N,NG,NH,P,PH,QU,R,S,T,TH,TR,V
ĂNG,B,C,CH,D,Đ,G,GI,H,KH,I,M,N,NG,NH,P,PH,QU,R,S,T,TH,TR,V
ÂNG,B,C,CH,D,Đ,G,GI,H,KH,I,M,N,NG,NH,P,PH,QU,R,S,T,TH,TR,V
ANH,B,C,CH,D,Đ,G,GI,H,KH,I,M,N,NG,NH,P,PH,QU,R,S,T,TH,TR,V
AO,B,C,CH,D,Đ,G,GI,H,KH,I,M,N,NG,NH,P,PH,QU,R,S,T,TH,TR,V
AP,B,C,CH,D,Đ,G,GI,H,KH,I,M,N,NG,NH,P,PH,QU,R,S,T,TH,TR,V
ĂP,B,C,CH,D,Đ,G,GI,H,KH,I,M,N,NG,NH,P,PH,QU,R,S,T,TH,TR,V
ÂP,B,C,CH,D,Đ,G,GI,H,KH,I,M,N,NG,NH,P,PH,QU,R,S,T,TH,TR,V
AT,B,C,CH,D,Đ,G,GI,H,KH,I,M,N,NG,NH,P,PH,QU,R,S,T,TH,TR,V
ĂT,B,C,CH,D,Đ,G,GI,H,KH,I,M,N,NG,NH,P,PH,QU,R,S,T,TH,TR,V
ÂT,B,C,CH,D,Đ,G,GI,H,KH,I,M,N,NG,NH,P,PH,QU,R,S,T,TH,TR,V
AU,B,C,CH,D,Đ,G,GI,H,KH,I,M,N,NG,NH,P,PH,QU,R,S,T,TH,TR,V
ÂU,B,C,CH,D,Đ,G,GI,H,KH,I,M,N,NG,NH,P,PH,QU,R,S,T,TH,TR,V
AY,B,C,CH,D,Đ,G,GI,H,KH,I,M,N,NG,NH,P,PH,QU,R,S,T,TH,TR,V
ÂY,B,C,CH,D,Đ,G,GI,H,KH,I,M,N,NG,NH,P,PH,QU,R,S,T,TH,TR,V
E,B,CH,D,Đ,GH,GI,H,K,KH,I,M,N,NGH,NH,P,PH,QU,R,S,T,TH,TR,V
Ê,B,CH,D,Đ,GH,GI,H,K,KH,I,M,N,NGH,NH,P,PH,QU,R,S,T,TH,TR,V
EC,B,CH,D,Đ,GH,GI,H,K,KH,I,M,N,NGH,NH,P,PH,QU,R,S,T,TH,TR,V
ÊCH,B,CH,D,Đ,GH,GI,H,K,KH,I,M,N,NGH,NH,P,PH,QU,R,S,T,TH,TR,V
EM,B,CH,D,Đ,GH,GI,H,K,KH,I,M,N,NGH,NH,P,PH,QU,R,S,T,TH,TR,V
ÊM,B,CH,D,Đ,GH,GI,H,K,KH,I,M,N,NGH,NH,P,PH,QU,R,S,T,TH,TR,V
EN,B,CH,D,Đ,GH,GI,H,K,KH,I,M,N,NGH,NH,P,PH,QU,R,S,T,TH,TR,V
ÊN,B,CH,D,Đ,GH,GI,H,K,KH,I,M,N,NGH,NH,P,PH,QU,R,S,T,TH,TR,V
ENG,B,CH,D,Đ,GH,GI,H,K,KH,I,M,N,NGH,NH,P,PH,QU,R,S,T,TH,TR,V
ÊNH,B,CH,D,Đ,GH,GI,H,K,KH,I,M,N,NGH,NH,P,PH,QU,R,S,T,TH,TR,V
EO,B,CH,D,Đ,GH,GI,H,K,KH,I,M,N,NGH,NH,P,PH,QU,R,S,T,TH,TR,V
EP,B,CH,D,Đ,GH,GI,H,K,KH,I,M,N,NGH,NH,P,PH,QU,R,S,T,TH,TR,V
ÊP,B,CH,D,Đ,GH,GI,H,K,KH,I,M,N,NGH,NH,P,PH,QU,R,S,T,TH,TR,V
ET,B,CH,D,Đ,GH,GI,H,K,KH,I,M,N,NGH,NH,P,PH,QU,R,S,T,TH,TR,V
ÊT,B,CH,D,Đ,GH,GI,H,K,KH,I,M,N,NGH,NH,P,PH,QU,R,S,T,TH,TR,V
ÊU,B,CH,D,Đ,GH,GI,H,K,KH,I,M,N,NGH,NH,P,PH,QU,R,S,T,TH,TR,V
I,B,CH,D,Đ,G,GH,GI,H,K,KH,I,M,N,NGH,NH,P,PH,QU,R,S,T,TH,TR,V
IA,B,CH,D,Đ,G,GH,GI,H,K,KH,I,M,N,NGH,NH,P,PH,QU,R,S,T,TH,TR,V
ICH,B,CH,D,Đ,G,GH,GI,H,K,KH,I,M,N,NGH,NH,P,PH,QU,R,S,T,TH,TR,V
IÊC,B,CH,D,Đ,G,GH,GI,H,K,KH,I,M,N,NGH,NH,P,PH,QU,R,S,T,TH,TR,V
IÊM,B,CH,D,Đ,G,GH,GI,H,K,KH,I,M,N,NGH,NH,P,PH,QU,R,S,T,TH,TR,V
IÊN,B,CH,D,Đ,G,GH,GI,H,K,KH,I,M,N,NGH,NH,P,PH,QU,R,S,T,TH,TR,V
IÊNG,B,CH,D,Đ,G,GH,GI,H,K,KH,I,M,N,NGH,NH,P,PH,QU,R,S,T,TH,TR,V
IÊP,B,CH,D,Đ,G,GH,GI,H,K,KH,I,M,N,NGH,NH,P,PH,QU,R,S,T,TH,TR,V
IÊU,B,CH,D,Đ,G,GH,GI,H,K,KH,I,M,N,NGH,NH,P,PH,QU,R,S,T,TH,TR,V
IÊT,B,CH,D,Đ,G,GH,GI,H,K,KH,I,M,N,NGH,NH,P,PH,QU,R,S,T,TH,TR,V
IM,B,CH,D,Đ,G,GH,GI,H,K,KH,I,M,N,NGH,NH,P,PH,QU,R,S,T,TH,TR,V
IN,B,CH,D,Đ,G,GH,GI,H,K,KH,I,M,N,NGH,NH,P,PH,QU,R,S,T,TH,TR,V
INH,B,CH,D,Đ,G,GH,GI,H,K,KH,I,M,N,NGH,NH,P,PH,QU,R,S,T,TH,TR,V
IP,B,CH,D,Đ,G,GH,GI,H,K,KH,I,M,N,NGH,NH,P,PH,QU,R,S,T,TH,TR,V
IT,B,CH,D,Đ,G,GH,GI,H,K,KH,I,M,N,NGH,NH,P,PH,QU,R,S,T,TH,TR,V
IU,B,CH,D,Đ,G,GH,GI,H,K,KH,I,M,N,NGH,NH,P,PH,QU,R,S,T,TH,TR,V
O,B,C,CH,D,Đ,G,GI,H,KH,I,M,N,NG,NH,P,PH,QU,R,S,T,TH,TR,V
Ô,B,C,CH,D,Đ,G,GI,H,KH,I,M,N,NG,NH,P,PH,QU,R,S,T,TH,TR,V
Ơ,B,C,CH,D,Đ,G,GI,H,KH,I,M,N,NG,NH,P,PH,QU,R,S,T,TH,TR,V
OA,B,C,CH,D,Đ,G,GI,H,KH,I,M,N,NG,NH,P,PH,QU,R,S,T,TH,TR,V
OAC,B,C,CH,D,Đ,G,GI,H,KH,I,M,N,NG,NH,P,PH,QU,R,S,T,TH,TR,V
OĂC,B,C,CH,D,Đ,G,GI,H,KH,I,M,N,NG,NH,P,PH,QU,R,S,T,TH,TR,V
OACH,B,C,CH,D,Đ,G,GI,H,KH,I,M,N,NG,NH,P,PH,QU,R,S,T,TH,TR,V
OAI,B,C,CH,D,Đ,G,GI,H,KH,I,M,N,NG,NH,P,PH,QU,R,S,T,TH,TR,V
OAM,B,C,CH,D,Đ,G,GI,H,KH,I,M,N,NG,NH,P,PH,QU,R,S,T,TH,TR,V
OĂM,B,C,CH,D,Đ,G,GI,H,KH,I,M,N,NG,NH,P,PH,QU,R,S,T,TH,TR,V
OAN,B,C,CH,D,Đ,G,GI,H,KH,I,M,N,NG,NH,P,PH,QU,R,S,T,TH,TR,V
OĂN,B,C,CH,D,Đ,G,GI,H,KH,I,M,N,NG,NH,P,PH,QU,R,S,T,TH,TR,V
OANG,B,C,CH,D,Đ,G,GI,H,KH,I,M,N,NG,NH,P,PH,QU,R,S,T,TH,TR,V
OĂNG,B,C,CH,D,Đ,G,GI,H,KH,I,M,N,NG,NH,P,PH,QU,R,S,T,TH,TR,V
OANH,B,C,CH,D,Đ,G,GI,H,KH,I,M,N,NG,NH,P,PH,QU,R,S,T,TH,TR,V
OAO,B,C,CH,D,Đ,G,GI,H,KH,I,M,N,NG,NH,P,PH,QU,R,S,T,TH,TR,V
OAP,B,C,CH,D,Đ,G,GI,H,KH,I,M,N,NG,NH,P,PH,QU,R,S,T,TH,TR,V
OAT,B,C,CH,D,Đ,G,GI,H,KH,I,M,N,NG,NH,P,PH,QU,R,S,T,TH,TR,V
OĂT,B,C,CH,D,Đ,G,GI,H,KH,I,M,N,NG,NH,P,PH,QU,R,S,T,TH,TR,V
OAY,B,C,CH,D,Đ,G,GI,H,KH,I,M,N,NG,NH,P,PH,QU,R,S,T,TH,TR,V
OC,B,C,CH,D,Đ,G,GI,H,KH,I,M,N,NG,NH,P,PH,QU,R,S,T,TH,TR,V
ÔC,B,C,CH,D,Đ,G,GI,H,KH,I,M,N,NG,NH,P,PH,QU,R,S,T,TH,TR,V
ƠC,B,C,CH,D,Đ,G,GI,H,KH,I,M,N,NG,NH,P,PH,QU,R,S,T,TH,TR,V
OE,B,C,CH,D,Đ,G,GI,H,KH,I,M,N,NG,NH,P,PH,QU,R,S,T,TH,TR,V
OEM,B,C,CH,D,Đ,G,GI,H,KH,I,M,N,NG,NH,P,PH,QU,R,S,T,TH,TR,V
OEN,B,C,CH,D,Đ,G,GI,H,KH,I,M,N,NG,NH,P,PH,QU,R,S,T,TH,TR,V
OENG,B,C,CH,D,Đ,G,GI,H,KH,I,M,N,NG,NH,P,PH,QU,R,S,T,TH,TR,V
OEO,B,C,CH,D,Đ,G,GI,H,KH,I,M,N,NG,NH,P,PH,QU,R,S,T,TH,TR,V
OET,B,C,CH,D,Đ,G,GI,H,KH,I,M,N,NG,NH,P,PH,QU,R,S,T,TH,TR,V
OI,B,C,CH,D,Đ,G,GI,H,KH,I,M,N,NG,NH,P,PH,QU,R,S,T,TH,TR,V
ÔI,B,C,CH,D,Đ,G,GI,H,KH,I,M,N,NG,NH,P,PH,QU,R,S,T,TH,TR,V
ƠI,B,C,CH,D,Đ,G,GI,H,KH,I,M,N,NG,NH,P,PH,QU,R,S,T,TH,TR,V
OM,B,C,CH,D,Đ,G,GI,H,KH,I,M,N,NG,NH,P,PH,QU,R,S,T,TH,TR,V
ÔM,B,C,CH,D,Đ,G,GI,H,KH,I,M,N,NG,NH,P,PH,QU,R,S,T,TH,TR,V
ƠM,B,C,CH,D,Đ,G,GI,H,KH,I,M,N,NG,NH,P,PH,QU,R,S,T,TH,TR,V
ON,B,C,CH,D,Đ,G,GI,H,KH,I,M,N,NG,NH,P,PH,QU,R,S,T,TH,TR,V
ÔN,B,C,CH,D,Đ,G,GI,H,KH,I,M,N,NG,NH,P,PH,QU,R,S,T,TH,TR,V
ƠN,B,C,CH,D,Đ,G,GI,H,KH,I,M,N,NG,NH,P,PH,QU,R,S,T,TH,TR,V
ONG,B,C,CH,D,Đ,G,GI,H,KH,I,M,N,NG,NH,P,PH,QU,R,S,T,TH,TR,V
ÔNG,B,C,CH,D,Đ,G,GI,H,KH,I,M,N,NG,NH,P,PH,QU,R,S,T,TH,TR,V
ƠNG,B,C,CH,D,Đ,G,GI,H,KH,I,M,N,NG,NH,P,PH,QU,R,S,T,TH,TR,V
OOC,B,C,CH,D,Đ,G,GI,H,KH,I,M,N,NG,NH,P,PH,QU,R,S,T,TH,TR,V
ÔÔC,B,C,CH,D,Đ,G,GI,H,KH,I,M,N,NG,NH,P,PH,QU,R,S,T,TH,TR,V
OONG,B,C,CH,D,Đ,G,GI,H,KH,I,M,N,NG,NH,P,PH,QU,R,S,T,TH,TR,V
ÔÔNG,B,C,CH,D,Đ,G,GI,H,KH,I,M,N,NG,NH,P,PH,QU,R,S,T,TH,TR,V
OP,B,C,CH,D,Đ,G,GI,H,KH,I,M,N,NG,NH,P,PH,QU,R,S,T,TH,TR,V
ÔP,B,C,CH,D,Đ,G,GI,H,KH,I,M,N,NG,NH,P,PH,QU,R,S,T,TH,TR,V
ƠP,B,C,CH,D,Đ,G,GI,H,KH,I,M,N,NG,NH,P,PH,QU,R,S,T,TH,TR,V
OT,B,C,CH,D,Đ,G,GI,H,KH,I,M,N,NG,NH,P,PH,QU,R,S,T,TH,TR,V
ÔT,B,C,CH,D,Đ,G,GI,H,KH,I,M,N,NG,NH,P,PH,QU,R,S,T,TH,TR,V
ƠT,B,C,CH,D,Đ,G,GI,H,KH,I,M,N,NG,NH,P,PH,QU,R,S,T,TH,TR,V
U,B,C,CH,D,Đ,G,GI,H,KH,I,M,N,NG,NH,P,PH,Q,QU,R,S,T,TH,TR,V
Ư,B,C,CH,D,Đ,G,GI,H,KH,I,M,N,NG,NH,P,PH,Q,QU,R,S,T,TH,TR,V
UA,B,C,CH,D,Đ,G,GI,H,KH,I,M,N,NG,NH,P,PH,Q,QU,R,S,T,TH,TR,V
ƯA,B,C,CH,D,Đ,G,GI,H,KH,I,M,N,NG,NH,P,PH,Q,QU,R,S,T,TH,TR,V
UÂC,B,C,CH,D,Đ,G,GI,H,KH,I,M,N,NG,NH,P,PH,Q,QU,R,S,T,TH,TR,V
UÂN,B,C,CH,D,Đ,G,GI,H,KH,I,M,N,NG,NH,P,PH,Q,QU,R,S,T,TH,TR,V
UÂT,B,C,CH,D,Đ,G,GI,H,KH,I,M,N,NG,NH,P,PH,Q,QU,R,S,T,TH,TR,V
UÂY,B,C,CH,D,Đ,G,GI,H,KH,I,M,N,NG,NH,P,PH,Q,QU,R,S,T,TH,TR,V
UC,B,C,CH,D,Đ,G,GI,H,KH,I,M,N,NG,NH,P,PH,Q,QU,R,S,T,TH,TR,V
ƯC,B,C,CH,D,Đ,G,GI,H,KH,I,M,N,NG,NH,P,PH,Q,QU,R,S,T,TH,TR,V
UÊ,B,C,CH,D,Đ,G,GI,H,KH,I,M,N,NG,NH,P,PH,Q,QU,R,S,T,TH,TR,V
UÊN,B,C,CH,D,Đ,G,GI,H,KH,I,M,N,NG,NH,P,PH,Q,QU,R,S,T,TH,TR,V
UÊNH,B,C,CH,D,Đ,G,GI,H,KH,I,M,N,NG,NH,P,PH,Q,QU,R,S,T,TH,TR,V
UÊT,B,C,CH,D,Đ,G,GI,H,KH,I,M,N,NG,NH,P,PH,Q,QU,R,S,T,TH,TR,V
UI,B,C,CH,D,Đ,G,GI,H,KH,I,M,N,NG,NH,P,PH,Q,QU,R,S,T,TH,TR,V
ƯI,B,C,CH,D,Đ,G,GI,H,KH,I,M,N,NG,NH,P,PH,Q,QU,R,S,T,TH,TR,V
UM,B,C,CH,D,Đ,G,GI,H,KH,I,M,N,NG,NH,P,PH,Q,QU,R,S,T,TH,TR,V
ƯM,B,C,CH,D,Đ,G,GI,H,KH,I,M,N,NG,NH,P,PH,Q,QU,R,S,T,TH,TR,V
UN,B,C,CH,D,Đ,G,GI,H,KH,I,M,N,NG,NH,P,PH,Q,QU,R,S,T,TH,TR,V
ƯN,B,C,CH,D,Đ,G,GI,H,KH,I,M,N,NG,NH,P,PH,Q,QU,R,S,T,TH,TR,V
UNG,B,C,CH,D,Đ,G,GI,H,KH,I,M,N,NG,NH,P,PH,Q,QU,R,S,T,TH,TR,V
ƯNG,B,C,CH,D,Đ,G,GI,H,KH,I,M,N,NG,NH,P,PH,Q,QU,R,S,T,TH,TR,V
UƠ,B,C,CH,D,Đ,G,GI,H,KH,I,M,N,NG,NH,P,PH,Q,QU,R,S,T,TH,TR,V
UÔC,B,C,CH,D,Đ,G,GI,H,KH,I,M,N,NG,NH,P,PH,Q,QU,R,S,T,TH,TR,V
ƯƠC,B,C,CH,D,Đ,G,GI,H,KH,I,M,N,NG,NH,P,PH,Q,QU,R,S,T,TH,TR,V
UÔI,B,C,CH,D,Đ,G,GI,H,KH,I,M,N,NG,NH,P,PH,Q,QU,R,S,T,TH,TR,V
ƯƠI,B,C,CH,D,Đ,G,GI,H,KH,I,M,N,NG,NH,P,PH,Q,QU,R,S,T,TH,TR,V
UÔM,B,C,CH,D,Đ,G,GI,H,KH,I,M,N,NG,NH,P,PH,Q,QU,R,S,T,TH,TR,V
ƯƠM,B,C,CH,D,Đ,G,GI,H,KH,I,M,N,NG,NH,P,PH,Q,QU,R,S,T,TH,TR,V
UÔN,B,C,CH,D,Đ,G,GI,H,KH,I,M,N,NG,NH,P,PH,Q,QU,R,S,T,TH,TR,V
ƯƠN,B,C,CH,D,Đ,G,GI,H,KH,I,M,N,NG,NH,P,PH,Q,QU,R,S,T,TH,TR,V
UÔNG,B,C,CH,D,Đ,G,GI,H,KH,I,M,N,NG,NH,P,PH,Q,QU,R,S,T,TH,TR,V
ƯƠNG,B,C,CH,D,Đ,G,GI,H,KH,I,M,N,NG,NH,P,PH,Q,QU,R,S,T,TH,TR,V
ƯƠP,B,C,CH,D,Đ,G,GI,H,KH,I,M,N,NG,NH,P,PH,Q,QU,R,S,T,TH,TR,V
UÔT,B,C,CH,D,Đ,G,GI,H,KH,I,M,N,NG,NH,P,PH,Q,QU,R,S,T,TH,TR,V
ƯƠT,B,C,CH,D,Đ,G,GI,H,KH,I,M,N,NG,NH,P,PH,Q,QU,R,S,T,TH,TR,V
ƯƠU,B,C,CH,D,Đ,G,GI,H,KH,I,M,N,NG,NH,P,PH,Q,QU,R,S,T,TH,TR,V
UP,B,C,CH,D,Đ,G,GI,H,KH,I,M,N,NG,NH,P,PH,Q,QU,R,S,T,TH,TR,V
UT,B,C,CH,D,Đ,G,GI,H,KH,I,M,N,NG,NH,P,PH,Q,QU,R,S,T,TH,TR,V
ƯT,B,C,CH,D,Đ,G,GI,H,KH,I,M,N,NG,NH,P,PH,Q,QU,R,S,T,TH,TR,V
ƯU,B,C,CH,D,Đ,G,GI,H,KH,I,M,N,NG,NH,P,PH,Q,QU,R,S,T,TH,TR,V
UY,B,C,CH,D,Đ,G,GI,H,KH,I,M,N,NG,NH,P,PH,Q,QU,R,S,T,TH,TR,V
UYA,B,C,CH,D,Đ,G,GI,H,KH,I,M,N,NG,NH,P,PH,Q,QU,R,S,T,TH,TR,V
UYCH,B,C,CH,D,Đ,G,GI,H,KH,I,M,N,NG,NH,P,PH,Q,QU,R,S,T,TH,TR,V
UYÊN,B,C,CH,D,Đ,G,GI,H,KH,I,M,N,NG,NH,P,PH,Q,QU,R,S,T,TH,TR,V
UYÊT,B,C,CH,D,Đ,G,GI,H,KH,I,M,N,NG,NH,P,PH,Q,QU,R,S,T,TH,TR,V
UYN,B,C,CH,D,Đ,G,GI,H,KH,I,M,N,NG,NH,P,PH,Q,QU,R,S,T,TH,TR,V
UYNH,B,C,CH,D,Đ,G,GI,H,KH,I,M,N,NG,NH,P,PH,Q,QU,R,S,T,TH,TR,V
UYP,B,C,CH,D,Đ,G,GI,H,KH,I,M,N,NG,NH,P,PH,Q,QU,R,S,T,TH,TR,V
UYT,B,C,CH,D,Đ,G,GI,H,KH,I,M,N,NG,NH,P,PH,Q,QU,R,S,T,TH,TR,V
UYU,B,C,CH,D,Đ,G,GI,H,KH,I,M,N,NG,NH,P,PH,Q,QU,R,S,T,TH,TR,V
Y,H,K,I,M,N,QU,S,T,TH,V
YÊM,H,K,I,M,N,QU,S,T,TH,V
YÊN,H,K,I,M,N,QU,S,T,TH,V
YÊNG,H,K,I,M,N,QU,S,T,TH,V
YÊT,H,K,I,M,N,QU,S,T,TH,V
YÊU,H,K,I,M,N,QU,S,T,TH,V
